{
  "mc_version": "1.16.1",
  "speedrunigt_version": "10.13+1.16.1",
  "category": "ANY",
  "run_type": "random_seed",
  "is_completed": false,
  "is_coop": false,
  "is_hardcore": false,
  "is_legacy_igt": false,
  "world_name": "EndPortalPrac",
  "date": 1661604270662,
  "retimed_igt": 1758846,
  "final_igt": 1758846,
  "final_rta": 2373325,
  "open_lan": 57947,
  "timelines": [
    {
      "name": "enter_stronghold",
      "igt": 8347,
      "rta": 8326
    },
    {
      "name": "portal_no_1",
      "igt": 43447,
      "rta": 67362
    },
    {
      "name": "enter_end",
      "igt": 43447,
      "rta": 68703
    },
    {
      "name": "portal_no_2",
      "igt": 137250,
      "rta": 240834
    }
  ],
  "advancements": {
    "minecraft:adventure/adventuring_time": {
      "complete": false,
      "is_advancement": true,
      "criteria": {
        "minecraft:plains": {
          "igt": 0,
          "rta": 0
        },
        "minecraft:forest": {
          "igt": 5297,
          "rta": 5271
        },
        "minecraft:deep_cold_ocean": {
          "igt": 8297,
          "rta": 8274
        },
        "minecraft:beach": {
          "igt": 236922,
          "rta": 448509
        },
        "minecraft:river": {
          "igt": 337972,
          "rta": 661912
        }
      },
      "igt": 0,
      "rta": 0
    },
    "minecraft:story/follow_ender_eye": {
      "complete": true,
      "is_advancement": true,
      "criteria": {
        "in_stronghold": {
          "igt": 8297,
          "rta": 8273
        }
      },
      "igt": 8347,
      "rta": 8326
    },
    "minecraft:recipes/building_blocks/cracked_stone_bricks": {
      "complete": true,
      "is_advancement": false,
      "criteria": {
        "has_stone_bricks": {
          "igt": 11297,
          "rta": 11255
        },
        "has_the_recipe": {
          "igt": 11297,
          "rta": 11255
        }
      },
      "igt": 11297,
      "rta": 11278
    },
    "minecraft:recipes/building_blocks/stone_brick_slab": {
      "complete": true,
      "is_advancement": false,
      "criteria": {
        "has_stone_bricks": {
          "igt": 11297,
          "rta": 11256
        },
        "has_the_recipe": {
          "igt": 11297,
          "rta": 11256
        }
      },
      "igt": 11297,
      "rta": 11278
    },
    "minecraft:recipes/building_blocks/chiseled_stone_bricks": {
      "complete": true,
      "is_advancement": false,
      "criteria": {
        "has_stone_bricks": {
          "igt": 11297,
          "rta": 11257
        },
        "has_the_recipe": {
          "igt": 11297,
          "rta": 11257
        }
      },
      "igt": 11297,
      "rta": 11278
    },
    "minecraft:recipes/decorations/stone_brick_wall_from_stone_bricks_stonecutting": {
      "complete": true,
      "is_advancement": false,
      "criteria": {
        "has_stone_bricks": {
          "igt": 11297,
          "rta": 11252
        },
        "has_the_recipe": {
          "igt": 11297,
          "rta": 11252
        }
      },
      "igt": 11297,
      "rta": 11278
    },
    "minecraft:recipes/decorations/stone_brick_wall": {
      "complete": true,
      "is_advancement": false,
      "criteria": {
        "has_stone_bricks": {
          "igt": 11297,
          "rta": 11254
        },
        "has_the_recipe": {
          "igt": 11297,
          "rta": 11254
        }
      },
      "igt": 11297,
      "rta": 11278
    },
    "minecraft:recipes/building_blocks/stone_brick_stairs_from_stone_bricks_stonecutting": {
      "complete": true,
      "is_advancement": false,
      "criteria": {
        "has_stone_bricks": {
          "igt": 11297,
          "rta": 11253
        },
        "has_the_recipe": {
          "igt": 11297,
          "rta": 11253
        }
      },
      "igt": 11297,
      "rta": 11278
    },
    "minecraft:recipes/building_blocks/stone_brick_slab_from_stone_bricks_stonecutting": {
      "complete": true,
      "is_advancement": false,
      "criteria": {
        "has_stone_bricks": {
          "igt": 11297,
          "rta": 11257
        },
        "has_the_recipe": {
          "igt": 11297,
          "rta": 11257
        }
      },
      "igt": 11297,
      "rta": 11278
    },
    "minecraft:recipes/building_blocks/stone_brick_stairs": {
      "complete": true,
      "is_advancement": false,
      "criteria": {
        "has_stone_bricks": {
          "igt": 11297,
          "rta": 11255
        },
        "has_the_recipe": {
          "igt": 11297,
          "rta": 11255
        }
      },
      "igt": 11297,
      "rta": 11278
    },
    "minecraft:recipes/building_blocks/chiseled_stone_bricks_from_stone_bricks_stonecutting": {
      "complete": true,
      "is_advancement": false,
      "criteria": {
        "has_stone_bricks": {
          "igt": 11297,
          "rta": 11250
        },
        "has_the_recipe": {
          "igt": 11297,
          "rta": 11250
        }
      },
      "igt": 11297,
      "rta": 11278
    },
    "minecraft:recipes/building_blocks/mossy_stone_brick_slab": {
      "complete": true,
      "is_advancement": false,
      "criteria": {
        "has_mossy_stone_bricks": {
          "igt": 12397,
          "rta": 12351
        },
        "has_the_recipe": {
          "igt": 12397,
          "rta": 12351
        }
      },
      "igt": 12397,
      "rta": 12378
    },
    "minecraft:recipes/building_blocks/mossy_stone_brick_stairs": {
      "complete": true,
      "is_advancement": false,
      "criteria": {
        "has_mossy_stone_bricks": {
          "igt": 12397,
          "rta": 12352
        },
        "has_the_recipe": {
          "igt": 12397,
          "rta": 12353
        }
      },
      "igt": 12397,
      "rta": 12378
    },
    "minecraft:recipes/decorations/mossy_stone_brick_wall": {
      "complete": true,
      "is_advancement": false,
      "criteria": {
        "has_mossy_stone_bricks": {
          "igt": 12397,
          "rta": 12350
        },
        "has_the_recipe": {
          "igt": 12397,
          "rta": 12350
        }
      },
      "igt": 12397,
      "rta": 12378
    },
    "minecraft:recipes/building_blocks/mossy_stone_brick_stairs_from_mossy_stone_brick_stonecutting": {
      "complete": true,
      "is_advancement": false,
      "criteria": {
        "has_mossy_stone_bricks": {
          "igt": 12347,
          "rta": 12347
        },
        "has_the_recipe": {
          "igt": 12347,
          "rta": 12347
        }
      },
      "igt": 12397,
      "rta": 12378
    },
    "minecraft:recipes/decorations/mossy_stone_brick_wall_from_mossy_stone_brick_stonecutting": {
      "complete": true,
      "is_advancement": false,
      "criteria": {
        "has_mossy_stone_bricks": {
          "igt": 12397,
          "rta": 12352
        },
        "has_the_recipe": {
          "igt": 12397,
          "rta": 12352
        }
      },
      "igt": 12397,
      "rta": 12378
    },
    "minecraft:recipes/building_blocks/mossy_stone_brick_slab_from_mossy_stone_brick_stonecutting": {
      "complete": true,
      "is_advancement": false,
      "criteria": {
        "has_mossy_stone_bricks": {
          "igt": 12397,
          "rta": 12349
        },
        "has_the_recipe": {
          "igt": 12397,
          "rta": 12349
        }
      },
      "igt": 12397,
      "rta": 12378
    },
    "minecraft:recipes/decorations/end_crystal": {
      "complete": true,
      "is_advancement": false,
      "criteria": {
        "has_ender_eye": {
          "igt": 38997,
          "rta": 38986
        },
        "has_the_recipe": {
          "igt": 38997,
          "rta": 38986
        }
      },
      "igt": 39047,
      "rta": 39031
    },
    "minecraft:recipes/decorations/ender_chest": {
      "complete": true,
      "is_advancement": false,
      "criteria": {
        "has_ender_eye": {
          "igt": 38997,
          "rta": 38986
        },
        "has_the_recipe": {
          "igt": 38997,
          "rta": 38986
        }
      },
      "igt": 39047,
      "rta": 39031
    },
    "minecraft:recipes/building_blocks/quartz_pillar": {
      "complete": true,
      "is_advancement": false,
      "criteria": {},
      "igt": 43447,
      "rta": 53806
    },
    "minecraft:recipes/decorations/crafting_table": {
      "complete": true,
      "is_advancement": false,
      "criteria": {},
      "igt": 43447,
      "rta": 53806
    },
    "minecraft:recipes/decorations/nether_brick_wall": {
      "complete": true,
      "is_advancement": false,
      "criteria": {},
      "igt": 43447,
      "rta": 53806
    },
    "minecraft:recipes/redstone/spruce_fence_gate": {
      "complete": true,
      "is_advancement": false,
      "criteria": {},
      "igt": 43447,
      "rta": 53806
    },
    "minecraft:recipes/building_blocks/magenta_wool": {
      "complete": true,
      "is_advancement": false,
      "criteria": {},
      "igt": 43447,
      "rta": 53806
    },
    "minecraft:recipes/tools/golden_hoe": {
      "complete": true,
      "is_advancement": false,
      "criteria": {},
      "igt": 43447,
      "rta": 53806
    },
    "minecraft:recipes/combat/golden_sword": {
      "complete": true,
      "is_advancement": false,
      "criteria": {},
      "igt": 43447,
      "rta": 53806
    },
    "minecraft:recipes/building_blocks/polished_blackstone_brick_slab": {
      "complete": true,
      "is_advancement": false,
      "criteria": {},
      "igt": 43447,
      "rta": 53806
    },
    "minecraft:recipes/building_blocks/yellow_concrete_powder": {
      "complete": true,
      "is_advancement": false,
      "criteria": {},
      "igt": 43447,
      "rta": 53806
    },
    "minecraft:recipes/building_blocks/cobblestone_stairs_from_cobblestone_stonecutting": {
      "complete": true,
      "is_advancement": false,
      "criteria": {},
      "igt": 43447,
      "rta": 53806
    },
    "minecraft:recipes/building_blocks/nether_brick_slab": {
      "complete": true,
      "is_advancement": false,
      "criteria": {},
      "igt": 43447,
      "rta": 53806
    },
    "minecraft:recipes/tools/fishing_rod": {
      "complete": true,
      "is_advancement": false,
      "criteria": {},
      "igt": 43447,
      "rta": 53806
    },
    "minecraft:recipes/building_blocks/brown_concrete_powder": {
      "complete": true,
      "is_advancement": false,
      "criteria": {},
      "igt": 43447,
      "rta": 53806
    },
    "minecraft:recipes/decorations/black_bed_from_white_bed": {
      "complete": true,
      "is_advancement": false,
      "criteria": {},
      "igt": 43447,
      "rta": 53806
    },
    "minecraft:recipes/combat/leather_helmet": {
      "complete": true,
      "is_advancement": false,
      "criteria": {},
      "igt": 43447,
      "rta": 53806
    },
    "minecraft:recipes/decorations/campfire": {
      "complete": true,
      "is_advancement": false,
      "criteria": {},
      "igt": 43447,
      "rta": 53806
    },
    "minecraft:recipes/redstone/birch_pressure_plate": {
      "complete": true,
      "is_advancement": false,
      "criteria": {},
      "igt": 43447,
      "rta": 53806
    },
    "minecraft:recipes/redstone/observer": {
      "complete": true,
      "is_advancement": false,
      "criteria": {},
      "igt": 43447,
      "rta": 53806
    },
    "minecraft:recipes/misc/magenta_dye_from_lilac": {
      "complete": true,
      "is_advancement": false,
      "criteria": {},
      "igt": 43447,
      "rta": 53806
    },
    "minecraft:recipes/redstone/acacia_button": {
      "complete": true,
      "is_advancement": false,
      "criteria": {},
      "igt": 43447,
      "rta": 53806
    },
    "minecraft:recipes/redstone/lever": {
      "complete": true,
      "is_advancement": false,
      "criteria": {},
      "igt": 43447,
      "rta": 53806
    },
    "minecraft:recipes/tools/iron_pickaxe": {
      "complete": true,
      "is_advancement": false,
      "criteria": {},
      "igt": 43447,
      "rta": 53806
    },
    "minecraft:recipes/decorations/ladder": {
      "complete": true,
      "is_advancement": false,
      "criteria": {},
      "igt": 43447,
      "rta": 53806
    },
    "minecraft:recipes/building_blocks/diorite_slab_from_diorite_stonecutting": {
      "complete": true,
      "is_advancement": false,
      "criteria": {},
      "igt": 43447,
      "rta": 53806
    },
    "minecraft:recipes/building_blocks/lime_concrete_powder": {
      "complete": true,
      "is_advancement": false,
      "criteria": {},
      "igt": 43447,
      "rta": 53806
    },
    "minecraft:recipes/combat/iron_sword": {
      "complete": true,
      "is_advancement": false,
      "criteria": {},
      "igt": 43447,
      "rta": 53806
    },
    "minecraft:recipes/decorations/white_bed": {
      "complete": true,
      "is_advancement": false,
      "criteria": {},
      "igt": 43447,
      "rta": 53806
    },
    "minecraft:recipes/building_blocks/dark_oak_slab": {
      "complete": true,
      "is_advancement": false,
      "criteria": {},
      "igt": 43447,
      "rta": 53806
    },
    "minecraft:recipes/decorations/chest": {
      "complete": true,
      "is_advancement": false,
      "criteria": {},
      "igt": 43447,
      "rta": 53806
    },
    "minecraft:recipes/building_blocks/purple_wool": {
      "complete": true,
      "is_advancement": false,
      "criteria": {},
      "igt": 43447,
      "rta": 53806
    },
    "minecraft:recipes/building_blocks/cracked_polished_blackstone_bricks": {
      "complete": true,
      "is_advancement": false,
      "criteria": {},
      "igt": 43447,
      "rta": 53806
    },
    "minecraft:recipes/building_blocks/magma_block": {
      "complete": true,
      "is_advancement": false,
      "criteria": {},
      "igt": 43447,
      "rta": 53806
    },
    "minecraft:nether/obtain_crying_obsidian": {
      "complete": true,
      "is_advancement": true,
      "criteria": {},
      "igt": 43447,
      "rta": 53806
    },
    "minecraft:recipes/building_blocks/magenta_concrete_powder": {
      "complete": true,
      "is_advancement": false,
      "criteria": {},
      "igt": 43447,
      "rta": 53806
    },
    "minecraft:recipes/misc/iron_nugget": {
      "complete": true,
      "is_advancement": false,
      "criteria": {},
      "igt": 43447,
      "rta": 53806
    },
    "minecraft:recipes/redstone/spruce_door": {
      "complete": true,
      "is_advancement": false,
      "criteria": {},
      "igt": 43447,
      "rta": 53806
    },
    "minecraft:recipes/building_blocks/orange_wool": {
      "complete": true,
      "is_advancement": false,
      "criteria": {},
      "igt": 43447,
      "rta": 53807
    },
    "minecraft:story/obtain_armor": {
      "complete": true,
      "is_advancement": true,
      "criteria": {},
      "igt": 43447,
      "rta": 53807
    },
    "minecraft:recipes/tools/wooden_hoe": {
      "complete": true,
      "is_advancement": false,
      "criteria": {},
      "igt": 43447,
      "rta": 53807
    },
    "minecraft:husbandry/root": {
      "complete": true,
      "is_advancement": true,
      "criteria": {},
      "igt": 43447,
      "rta": 53807
    },
    "minecraft:recipes/decorations/iron_bars": {
      "complete": true,
      "is_advancement": false,
      "criteria": {},
      "igt": 43447,
      "rta": 53807
    },
    "minecraft:recipes/transportation/minecart": {
      "complete": true,
      "is_advancement": false,
      "criteria": {},
      "igt": 43447,
      "rta": 53807
    },
    "minecraft:recipes/building_blocks/polished_blackstone_stairs_from_blackstone_stonecutting": {
      "complete": true,
      "is_advancement": false,
      "criteria": {},
      "igt": 43447,
      "rta": 53807
    },
    "minecraft:recipes/building_blocks/green_concrete_powder": {
      "complete": true,
      "is_advancement": false,
      "criteria": {},
      "igt": 43447,
      "rta": 53807
    },
    "minecraft:recipes/combat/iron_helmet": {
      "complete": true,
      "is_advancement": false,
      "criteria": {},
      "igt": 43447,
      "rta": 53807
    },
    "minecraft:recipes/building_blocks/dark_oak_wood": {
      "complete": true,
      "is_advancement": false,
      "criteria": {},
      "igt": 43447,
      "rta": 53807
    },
    "minecraft:recipes/redstone/crimson_pressure_plate": {
      "complete": true,
      "is_advancement": false,
      "criteria": {},
      "igt": 43447,
      "rta": 53807
    },
    "minecraft:recipes/building_blocks/cobblestone_stairs": {
      "complete": true,
      "is_advancement": false,
      "criteria": {},
      "igt": 43447,
      "rta": 53807
    },
    "minecraft:recipes/transportation/acacia_boat": {
      "complete": true,
      "is_advancement": false,
      "criteria": {},
      "igt": 43447,
      "rta": 53807
    },
    "minecraft:recipes/misc/ender_eye": {
      "complete": true,
      "is_advancement": false,
      "criteria": {},
      "igt": 43447,
      "rta": 53807
    },
    "minecraft:recipes/food/golden_apple": {
      "complete": true,
      "is_advancement": false,
      "criteria": {},
      "igt": 43447,
      "rta": 53807
    },
    "minecraft:recipes/building_blocks/nether_bricks": {
      "complete": true,
      "is_advancement": false,
      "criteria": {},
      "igt": 43447,
      "rta": 53807
    },
    "minecraft:recipes/misc/gold_nugget": {
      "complete": true,
      "is_advancement": false,
      "criteria": {},
      "igt": 43447,
      "rta": 53807
    },
    "minecraft:recipes/building_blocks/quartz_stairs_from_quartz_block_stonecutting": {
      "complete": true,
      "is_advancement": false,
      "criteria": {},
      "igt": 43447,
      "rta": 53807
    },
    "minecraft:recipes/building_blocks/spruce_stairs": {
      "complete": true,
      "is_advancement": false,
      "criteria": {},
      "igt": 43447,
      "rta": 53807
    },
    "minecraft:recipes/building_blocks/gold_block": {
      "complete": true,
      "is_advancement": false,
      "criteria": {},
      "igt": 43447,
      "rta": 53807
    },
    "minecraft:recipes/redstone/warped_fence_gate": {
      "complete": true,
      "is_advancement": false,
      "criteria": {},
      "igt": 43447,
      "rta": 53807
    },
    "minecraft:recipes/tools/diamond_hoe": {
      "complete": true,
      "is_advancement": false,
      "criteria": {},
      "igt": 43447,
      "rta": 53807
    },
    "minecraft:recipes/decorations/white_banner": {
      "complete": true,
      "is_advancement": false,
      "criteria": {},
      "igt": 43447,
      "rta": 53807
    },
    "minecraft:recipes/tools/wooden_pickaxe": {
      "complete": true,
      "is_advancement": false,
      "criteria": {},
      "igt": 43447,
      "rta": 53807
    },
    "minecraft:recipes/brewing/golden_carrot": {
      "complete": true,
      "is_advancement": false,
      "criteria": {},
      "igt": 43447,
      "rta": 53807
    },
    "minecraft:recipes/decorations/crimson_fence": {
      "complete": true,
      "is_advancement": false,
      "criteria": {},
      "igt": 43447,
      "rta": 53807
    },
    "minecraft:recipes/redstone/spruce_button": {
      "complete": true,
      "is_advancement": false,
      "criteria": {},
      "igt": 43447,
      "rta": 53807
    },
    "minecraft:recipes/tools/iron_shovel": {
      "complete": true,
      "is_advancement": false,
      "criteria": {},
      "igt": 43447,
      "rta": 53807
    },
    "minecraft:recipes/building_blocks/oak_stairs": {
      "complete": true,
      "is_advancement": false,
      "criteria": {},
      "igt": 43447,
      "rta": 53807
    },
    "minecraft:recipes/combat/diamond_sword": {
      "complete": true,
      "is_advancement": false,
      "criteria": {},
      "igt": 43447,
      "rta": 53807
    },
    "minecraft:recipes/tools/diamond_shovel": {
      "complete": true,
      "is_advancement": false,
      "criteria": {},
      "igt": 43447,
      "rta": 53807
    },
    "minecraft:recipes/decorations/spruce_fence": {
      "complete": true,
      "is_advancement": false,
      "criteria": {},
      "igt": 43447,
      "rta": 53807
    },
    "minecraft:recipes/building_blocks/dark_oak_stairs": {
      "complete": true,
      "is_advancement": false,
      "criteria": {},
      "igt": 43447,
      "rta": 53807
    },
    "minecraft:recipes/decorations/nether_brick_wall_from_nether_bricks_stonecutting": {
      "complete": true,
      "is_advancement": false,
      "criteria": {},
      "igt": 43447,
      "rta": 53807
    },
    "minecraft:recipes/building_blocks/light_blue_concrete_powder": {
      "complete": true,
      "is_advancement": false,
      "criteria": {},
      "igt": 43447,
      "rta": 53807
    },
    "minecraft:recipes/building_blocks/polished_granite_from_granite_stonecutting": {
      "complete": true,
      "is_advancement": false,
      "criteria": {},
      "igt": 43447,
      "rta": 53807
    },
    "minecraft:recipes/misc/gold_ingot_from_nuggets": {
      "complete": true,
      "is_advancement": false,
      "criteria": {},
      "igt": 43447,
      "rta": 53807
    },
    "minecraft:recipes/building_blocks/polished_blackstone_brick_stairs_from_blackstone_stonecutting": {
      "complete": true,
      "is_advancement": false,
      "criteria": {},
      "igt": 43447,
      "rta": 53807
    },
    "minecraft:recipes/decorations/granite_wall_from_granite_stonecutting": {
      "complete": true,
      "is_advancement": false,
      "criteria": {},
      "igt": 43447,
      "rta": 53807
    },
    "minecraft:recipes/decorations/furnace": {
      "complete": true,
      "is_advancement": false,
      "criteria": {},
      "igt": 43447,
      "rta": 53807
    },
    "minecraft:recipes/redstone/jungle_trapdoor": {
      "complete": true,
      "is_advancement": false,
      "criteria": {},
      "igt": 43447,
      "rta": 53807
    },
    "minecraft:recipes/building_blocks/pink_concrete_powder": {
      "complete": true,
      "is_advancement": false,
      "criteria": {},
      "igt": 43447,
      "rta": 53807
    },
    "minecraft:recipes/redstone/redstone_lamp": {
      "complete": true,
      "is_advancement": false,
      "criteria": {},
      "igt": 43447,
      "rta": 53807
    },
    "minecraft:recipes/combat/diamond_leggings": {
      "complete": true,
      "is_advancement": false,
      "criteria": {},
      "igt": 43447,
      "rta": 53807
    },
    "minecraft:recipes/decorations/yellow_bed_from_white_bed": {
      "complete": true,
      "is_advancement": false,
      "criteria": {},
      "igt": 43447,
      "rta": 53807
    },
    "minecraft:story/mine_stone": {
      "complete": true,
      "is_advancement": true,
      "criteria": {},
      "igt": 43447,
      "rta": 53807
    },
    "minecraft:story/lava_bucket": {
      "complete": true,
      "is_advancement": true,
      "criteria": {},
      "igt": 43447,
      "rta": 53807
    },
    "minecraft:recipes/decorations/enchanting_table": {
      "complete": true,
      "is_advancement": false,
      "criteria": {},
      "igt": 43447,
      "rta": 53807
    },
    "minecraft:recipes/building_blocks/polished_blackstone_brick_slab_from_polished_blackstone_bricks_stonecutting": {
      "complete": true,
      "is_advancement": false,
      "criteria": {},
      "igt": 43447,
      "rta": 53807
    },
    "minecraft:story/mine_diamond": {
      "complete": true,
      "is_advancement": true,
      "criteria": {},
      "igt": 43447,
      "rta": 53807
    },
    "minecraft:recipes/building_blocks/acacia_slab": {
      "complete": true,
      "is_advancement": false,
      "criteria": {},
      "igt": 43447,
      "rta": 53807
    },
    "minecraft:recipes/misc/stick": {
      "complete": true,
      "is_advancement": false,
      "criteria": {},
      "igt": 43447,
      "rta": 53807
    },
    "minecraft:recipes/combat/diamond_helmet": {
      "complete": true,
      "is_advancement": false,
      "criteria": {},
      "igt": 43447,
      "rta": 53807
    },
    "minecraft:recipes/tools/golden_shovel": {
      "complete": true,
      "is_advancement": false,
      "criteria": {},
      "igt": 43447,
      "rta": 53807
    },
    "minecraft:recipes/redstone/acacia_door": {
      "complete": true,
      "is_advancement": false,
      "criteria": {},
      "igt": 43447,
      "rta": 53807
    },
    "minecraft:recipes/decorations/jungle_fence": {
      "complete": true,
      "is_advancement": false,
      "criteria": {},
      "igt": 43447,
      "rta": 53807
    },
    "minecraft:recipes/tools/stone_hoe": {
      "complete": true,
      "is_advancement": false,
      "criteria": {},
      "igt": 43447,
      "rta": 53807
    },
    "minecraft:recipes/building_blocks/diorite": {
      "complete": true,
      "is_advancement": false,
      "criteria": {},
      "igt": 43447,
      "rta": 53807
    },
    "minecraft:recipes/decorations/white_carpet": {
      "complete": true,
      "is_advancement": false,
      "criteria": {},
      "igt": 43447,
      "rta": 53807
    },
    "minecraft:recipes/building_blocks/birch_slab": {
      "complete": true,
      "is_advancement": false,
      "criteria": {},
      "igt": 43447,
      "rta": 53807
    },
    "minecraft:recipes/building_blocks/warped_hyphae": {
      "complete": true,
      "is_advancement": false,
      "criteria": {},
      "igt": 43447,
      "rta": 53807
    },
    "minecraft:recipes/building_blocks/granite_slab": {
      "complete": true,
      "is_advancement": false,
      "criteria": {},
      "igt": 43447,
      "rta": 53807
    },
    "minecraft:recipes/tools/wooden_shovel": {
      "complete": true,
      "is_advancement": false,
      "criteria": {},
      "igt": 43447,
      "rta": 53807
    },
    "minecraft:recipes/misc/bucket": {
      "complete": true,
      "is_advancement": false,
      "criteria": {},
      "igt": 43447,
      "rta": 53807
    },
    "minecraft:recipes/building_blocks/cyan_wool": {
      "complete": true,
      "is_advancement": false,
      "criteria": {},
      "igt": 43447,
      "rta": 53807
    },
    "minecraft:recipes/building_blocks/polished_blackstone_brick_stairs": {
      "complete": true,
      "is_advancement": false,
      "criteria": {},
      "igt": 43447,
      "rta": 53807
    },
    "minecraft:recipes/tools/diamond_pickaxe": {
      "complete": true,
      "is_advancement": false,
      "criteria": {},
      "igt": 43447,
      "rta": 53807
    },
    "minecraft:recipes/building_blocks/cobblestone_slab": {
      "complete": true,
      "is_advancement": false,
      "criteria": {},
      "igt": 43447,
      "rta": 53807
    },
    "minecraft:recipes/redstone/warped_pressure_plate": {
      "complete": true,
      "is_advancement": false,
      "criteria": {},
      "igt": 43447,
      "rta": 53807
    },
    "minecraft:recipes/combat/iron_leggings": {
      "complete": true,
      "is_advancement": false,
      "criteria": {},
      "igt": 43447,
      "rta": 53807
    },
    "minecraft:recipes/redstone/crimson_door": {
      "complete": true,
      "is_advancement": false,
      "criteria": {},
      "igt": 43447,
      "rta": 53807
    },
    "minecraft:recipes/transportation/spruce_boat": {
      "complete": true,
      "is_advancement": false,
      "criteria": {},
      "igt": 43447,
      "rta": 53807
    },
    "minecraft:recipes/food/cake": {
      "complete": true,
      "is_advancement": false,
      "criteria": {},
      "igt": 43447,
      "rta": 53807
    },
    "minecraft:recipes/redstone/oak_fence_gate": {
      "complete": true,
      "is_advancement": false,
      "criteria": {},
      "igt": 43447,
      "rta": 53807
    },
    "minecraft:recipes/building_blocks/white_concrete_powder": {
      "complete": true,
      "is_advancement": false,
      "criteria": {},
      "igt": 43447,
      "rta": 53807
    },
    "minecraft:recipes/building_blocks/polished_blackstone": {
      "complete": true,
      "is_advancement": false,
      "criteria": {},
      "igt": 43447,
      "rta": 53807
    },
    "minecraft:recipes/building_blocks/purple_concrete_powder": {
      "complete": true,
      "is_advancement": false,
      "criteria": {},
      "igt": 43447,
      "rta": 53807
    },
    "minecraft:recipes/decorations/diorite_wall_from_diorite_stonecutting": {
      "complete": true,
      "is_advancement": false,
      "criteria": {},
      "igt": 43447,
      "rta": 53807
    },
    "minecraft:recipes/decorations/gray_bed_from_white_bed": {
      "complete": true,
      "is_advancement": false,
      "criteria": {},
      "igt": 43447,
      "rta": 53807
    },
    "minecraft:recipes/decorations/respawn_anchor": {
      "complete": true,
      "is_advancement": false,
      "criteria": {},
      "igt": 43447,
      "rta": 53807
    },
    "minecraft:recipes/decorations/pink_bed_from_white_bed": {
      "complete": true,
      "is_advancement": false,
      "criteria": {},
      "igt": 43447,
      "rta": 53807
    },
    "minecraft:recipes/combat/diamond_chestplate": {
      "complete": true,
      "is_advancement": false,
      "criteria": {},
      "igt": 43447,
      "rta": 53807
    },
    "minecraft:recipes/transportation/birch_boat": {
      "complete": true,
      "is_advancement": false,
      "criteria": {},
      "igt": 43447,
      "rta": 53807
    },
    "minecraft:recipes/building_blocks/polished_granite_slab_from_granite_stonecutting": {
      "complete": true,
      "is_advancement": false,
      "criteria": {},
      "igt": 43447,
      "rta": 53807
    },
    "minecraft:recipes/combat/bow": {
      "complete": true,
      "is_advancement": false,
      "criteria": {},
      "igt": 43447,
      "rta": 53807
    },
    "minecraft:recipes/redstone/crimson_trapdoor": {
      "complete": true,
      "is_advancement": false,
      "criteria": {},
      "igt": 43447,
      "rta": 53807
    },
    "minecraft:recipes/combat/spectral_arrow": {
      "complete": true,
      "is_advancement": false,
      "criteria": {},
      "igt": 43447,
      "rta": 53807
    },
    "minecraft:recipes/decorations/acacia_fence": {
      "complete": true,
      "is_advancement": false,
      "criteria": {},
      "igt": 43447,
      "rta": 53807
    },
    "minecraft:recipes/decorations/dark_oak_sign": {
      "complete": true,
      "is_advancement": false,
      "criteria": {},
      "igt": 43447,
      "rta": 53807
    },
    "minecraft:recipes/brewing/cauldron": {
      "complete": true,
      "is_advancement": false,
      "criteria": {},
      "igt": 43447,
      "rta": 53807
    },
    "minecraft:recipes/tools/shears": {
      "complete": true,
      "is_advancement": false,
      "criteria": {},
      "igt": 43447,
      "rta": 53807
    },
    "minecraft:recipes/decorations/item_frame": {
      "complete": true,
      "is_advancement": false,
      "criteria": {},
      "igt": 43447,
      "rta": 53807
    },
    "minecraft:recipes/decorations/jukebox": {
      "complete": true,
      "is_advancement": false,
      "criteria": {},
      "igt": 43447,
      "rta": 53807
    },
    "minecraft:recipes/building_blocks/coarse_dirt": {
      "complete": true,
      "is_advancement": false,
      "criteria": {},
      "igt": 43447,
      "rta": 53807
    },
    "minecraft:recipes/building_blocks/gray_wool": {
      "complete": true,
      "is_advancement": false,
      "criteria": {},
      "igt": 43447,
      "rta": 53807
    },
    "minecraft:recipes/building_blocks/diorite_slab": {
      "complete": true,
      "is_advancement": false,
      "criteria": {},
      "igt": 43447,
      "rta": 53807
    },
    "minecraft:recipes/building_blocks/glass": {
      "complete": true,
      "is_advancement": false,
      "criteria": {},
      "igt": 43447,
      "rta": 53807
    },
    "minecraft:recipes/building_blocks/blue_wool": {
      "complete": true,
      "is_advancement": false,
      "criteria": {},
      "igt": 43447,
      "rta": 53807
    },
    "minecraft:recipes/building_blocks/light_gray_concrete_powder": {
      "complete": true,
      "is_advancement": false,
      "criteria": {},
      "igt": 43447,
      "rta": 53807
    },
    "minecraft:recipes/decorations/fletching_table": {
      "complete": true,
      "is_advancement": false,
      "criteria": {},
      "igt": 43447,
      "rta": 53807
    },
    "minecraft:recipes/tools/iron_hoe": {
      "complete": true,
      "is_advancement": false,
      "criteria": {},
      "igt": 43447,
      "rta": 53807
    },
    "minecraft:recipes/redstone/iron_trapdoor": {
      "complete": true,
      "is_advancement": false,
      "criteria": {},
      "igt": 43447,
      "rta": 53807
    },
    "minecraft:recipes/redstone/dark_oak_button": {
      "complete": true,
      "is_advancement": false,
      "criteria": {},
      "igt": 43447,
      "rta": 53807
    },
    "minecraft:recipes/combat/shield": {
      "complete": true,
      "is_advancement": false,
      "criteria": {},
      "igt": 43447,
      "rta": 53807
    },
    "minecraft:recipes/redstone/crimson_button": {
      "complete": true,
      "is_advancement": false,
      "criteria": {},
      "igt": 43447,
      "rta": 53807
    },
    "minecraft:recipes/redstone/hopper": {
      "complete": true,
      "is_advancement": false,
      "criteria": {},
      "igt": 43447,
      "rta": 53807
    },
    "minecraft:recipes/building_blocks/quartz_pillar_from_quartz_block_stonecutting": {
      "complete": true,
      "is_advancement": false,
      "criteria": {},
      "igt": 43447,
      "rta": 53807
    },
    "minecraft:recipes/building_blocks/cobblestone_slab_from_cobblestone_stonecutting": {
      "complete": true,
      "is_advancement": false,
      "criteria": {},
      "igt": 43447,
      "rta": 53807
    },
    "minecraft:recipes/building_blocks/smooth_quartz": {
      "complete": true,
      "is_advancement": false,
      "criteria": {},
      "igt": 43447,
      "rta": 53807
    },
    "minecraft:recipes/redstone/jungle_button": {
      "complete": true,
      "is_advancement": false,
      "criteria": {},
      "igt": 43447,
      "rta": 53807
    },
    "minecraft:recipes/decorations/birch_sign": {
      "complete": true,
      "is_advancement": false,
      "criteria": {},
      "igt": 43447,
      "rta": 53807
    },
    "minecraft:recipes/building_blocks/granite": {
      "complete": true,
      "is_advancement": false,
      "criteria": {},
      "igt": 43447,
      "rta": 53807
    },
    "minecraft:recipes/building_blocks/sandstone": {
      "complete": true,
      "is_advancement": false,
      "criteria": {},
      "igt": 43447,
      "rta": 53807
    },
    "minecraft:recipes/decorations/chain": {
      "complete": true,
      "is_advancement": false,
      "criteria": {},
      "igt": 43447,
      "rta": 53807
    },
    "minecraft:recipes/decorations/granite_wall": {
      "complete": true,
      "is_advancement": false,
      "criteria": {},
      "igt": 43447,
      "rta": 53807
    },
    "minecraft:recipes/redstone/dark_oak_door": {
      "complete": true,
      "is_advancement": false,
      "criteria": {},
      "igt": 43447,
      "rta": 53807
    },
    "minecraft:recipes/misc/leather_horse_armor": {
      "complete": true,
      "is_advancement": false,
      "criteria": {},
      "igt": 43447,
      "rta": 53807
    },
    "minecraft:recipes/decorations/magenta_bed_from_white_bed": {
      "complete": true,
      "is_advancement": false,
      "criteria": {},
      "igt": 43447,
      "rta": 53807
    },
    "minecraft:recipes/redstone/dark_oak_fence_gate": {
      "complete": true,
      "is_advancement": false,
      "criteria": {},
      "igt": 43447,
      "rta": 53807
    },
    "minecraft:recipes/combat/leather_leggings": {
      "complete": true,
      "is_advancement": false,
      "criteria": {},
      "igt": 43447,
      "rta": 53807
    },
    "minecraft:recipes/building_blocks/quartz_stairs": {
      "complete": true,
      "is_advancement": false,
      "criteria": {},
      "igt": 43447,
      "rta": 53807
    },
    "minecraft:recipes/building_blocks/dark_oak_planks": {
      "complete": true,
      "is_advancement": false,
      "criteria": {},
      "igt": 43447,
      "rta": 53807
    },
    "minecraft:recipes/decorations/lime_bed_from_white_bed": {
      "complete": true,
      "is_advancement": false,
      "criteria": {},
      "igt": 43447,
      "rta": 53807
    },
    "minecraft:recipes/building_blocks/emerald_block": {
      "complete": true,
      "is_advancement": false,
      "criteria": {},
      "igt": 43447,
      "rta": 53807
    },
    "minecraft:recipes/redstone/birch_door": {
      "complete": true,
      "is_advancement": false,
      "criteria": {},
      "igt": 43447,
      "rta": 53807
    },
    "minecraft:recipes/decorations/crimson_sign": {
      "complete": true,
      "is_advancement": false,
      "criteria": {},
      "igt": 43447,
      "rta": 53807
    },
    "minecraft:recipes/building_blocks/chiseled_quartz_block_from_quartz_block_stonecutting": {
      "complete": true,
      "is_advancement": false,
      "criteria": {},
      "igt": 43447,
      "rta": 53807
    },
    "minecraft:recipes/misc/iron_nugget_from_smelting": {
      "complete": true,
      "is_advancement": false,
      "criteria": {},
      "igt": 43447,
      "rta": 53807
    },
    "minecraft:recipes/building_blocks/polished_granite_stairs_from_granite_stonecutting": {
      "complete": true,
      "is_advancement": false,
      "criteria": {},
      "igt": 43447,
      "rta": 53807
    },
    "minecraft:recipes/decorations/green_bed_from_white_bed": {
      "complete": true,
      "is_advancement": false,
      "criteria": {},
      "igt": 43447,
      "rta": 53807
    },
    "minecraft:recipes/decorations/orange_bed_from_white_bed": {
      "complete": true,
      "is_advancement": false,
      "criteria": {},
      "igt": 43447,
      "rta": 53807
    },
    "minecraft:recipes/building_blocks/polished_blackstone_from_blackstone_stonecutting": {
      "complete": true,
      "is_advancement": false,
      "criteria": {},
      "igt": 43447,
      "rta": 53807
    },
    "minecraft:recipes/tools/flint_and_steel": {
      "complete": true,
      "is_advancement": false,
      "criteria": {},
      "igt": 43447,
      "rta": 53807
    },
    "minecraft:recipes/redstone/comparator": {
      "complete": true,
      "is_advancement": false,
      "criteria": {},
      "igt": 43447,
      "rta": 53807
    },
    "minecraft:recipes/building_blocks/cracked_nether_bricks": {
      "complete": true,
      "is_advancement": false,
      "criteria": {},
      "igt": 43447,
      "rta": 53807
    },
    "minecraft:recipes/misc/charcoal": {
      "complete": true,
      "is_advancement": false,
      "criteria": {},
      "igt": 43447,
      "rta": 53807
    },
    "minecraft:recipes/decorations/cyan_bed_from_white_bed": {
      "complete": true,
      "is_advancement": false,
      "criteria": {},
      "igt": 43447,
      "rta": 53807
    },
    "minecraft:recipes/building_blocks/white_wool_from_string": {
      "complete": true,
      "is_advancement": false,
      "criteria": {},
      "igt": 43447,
      "rta": 53807
    },
    "minecraft:recipes/building_blocks/orange_concrete_powder": {
      "complete": true,
      "is_advancement": false,
      "criteria": {},
      "igt": 43447,
      "rta": 53808
    },
    "minecraft:recipes/transportation/oak_boat": {
      "complete": true,
      "is_advancement": false,
      "criteria": {},
      "igt": 43447,
      "rta": 53808
    },
    "minecraft:recipes/building_blocks/quartz_bricks_from_quartz_block_stonecutting": {
      "complete": true,
      "is_advancement": false,
      "criteria": {},
      "igt": 43447,
      "rta": 53808
    },
    "minecraft:recipes/building_blocks/chiseled_quartz_block": {
      "complete": true,
      "is_advancement": false,
      "criteria": {},
      "igt": 43447,
      "rta": 53808
    },
    "minecraft:recipes/building_blocks/black_concrete_powder": {
      "complete": true,
      "is_advancement": false,
      "criteria": {},
      "igt": 43447,
      "rta": 53808
    },
    "minecraft:recipes/decorations/warped_fence": {
      "complete": true,
      "is_advancement": false,
      "criteria": {},
      "igt": 43447,
      "rta": 53808
    },
    "minecraft:recipes/decorations/polished_blackstone_brick_wall_from_blackstone_stonecutting": {
      "complete": true,
      "is_advancement": false,
      "criteria": {},
      "igt": 43447,
      "rta": 53808
    },
    "minecraft:recipes/combat/golden_helmet": {
      "complete": true,
      "is_advancement": false,
      "criteria": {},
      "igt": 43447,
      "rta": 53808
    },
    "minecraft:recipes/decorations/nether_brick_fence": {
      "complete": true,
      "is_advancement": false,
      "criteria": {},
      "igt": 43447,
      "rta": 53808
    },
    "minecraft:recipes/building_blocks/warped_planks": {
      "complete": true,
      "is_advancement": false,
      "criteria": {},
      "igt": 43447,
      "rta": 53808
    },
    "minecraft:recipes/building_blocks/blue_concrete_powder": {
      "complete": true,
      "is_advancement": false,
      "criteria": {},
      "igt": 43447,
      "rta": 53808
    },
    "minecraft:recipes/building_blocks/quartz_bricks": {
      "complete": true,
      "is_advancement": false,
      "criteria": {},
      "igt": 43447,
      "rta": 53808
    },
    "minecraft:recipes/decorations/diorite_wall": {
      "complete": true,
      "is_advancement": false,
      "criteria": {},
      "igt": 43447,
      "rta": 53808
    },
    "minecraft:recipes/building_blocks/quartz_slab": {
      "complete": true,
      "is_advancement": false,
      "criteria": {},
      "igt": 43447,
      "rta": 53808
    },
    "minecraft:recipes/building_blocks/granite_stairs_from_granite_stonecutting": {
      "complete": true,
      "is_advancement": false,
      "criteria": {},
      "igt": 43447,
      "rta": 53808
    },
    "minecraft:recipes/building_blocks/oak_wood": {
      "complete": true,
      "is_advancement": false,
      "criteria": {},
      "igt": 43447,
      "rta": 53808
    },
    "minecraft:recipes/building_blocks/spruce_slab": {
      "complete": true,
      "is_advancement": false,
      "criteria": {},
      "igt": 43447,
      "rta": 53808
    },
    "minecraft:recipes/building_blocks/sea_lantern": {
      "complete": true,
      "is_advancement": false,
      "criteria": {},
      "igt": 43447,
      "rta": 53808
    },
    "minecraft:story/form_obsidian": {
      "complete": true,
      "is_advancement": true,
      "criteria": {},
      "igt": 43447,
      "rta": 53808
    },
    "minecraft:recipes/misc/gold_ingot_from_gold_block": {
      "complete": true,
      "is_advancement": false,
      "criteria": {},
      "igt": 43447,
      "rta": 53808
    },
    "minecraft:recipes/building_blocks/chiseled_polished_blackstone_from_blackstone_stonecutting": {
      "complete": true,
      "is_advancement": false,
      "criteria": {},
      "igt": 43447,
      "rta": 53808
    },
    "minecraft:recipes/building_blocks/jungle_slab": {
      "complete": true,
      "is_advancement": false,
      "criteria": {},
      "igt": 43447,
      "rta": 53808
    },
    "minecraft:recipes/building_blocks/brown_wool": {
      "complete": true,
      "is_advancement": false,
      "criteria": {},
      "igt": 43447,
      "rta": 53808
    },
    "minecraft:recipes/decorations/cobblestone_wall": {
      "complete": true,
      "is_advancement": false,
      "criteria": {},
      "igt": 43447,
      "rta": 53808
    },
    "minecraft:recipes/building_blocks/red_concrete_powder": {
      "complete": true,
      "is_advancement": false,
      "criteria": {},
      "igt": 43447,
      "rta": 53808
    },
    "minecraft:recipes/decorations/loom": {
      "complete": true,
      "is_advancement": false,
      "criteria": {},
      "igt": 43447,
      "rta": 53808
    },
    "minecraft:recipes/redstone/acacia_fence_gate": {
      "complete": true,
      "is_advancement": false,
      "criteria": {},
      "igt": 43447,
      "rta": 53808
    },
    "minecraft:recipes/redstone/heavy_weighted_pressure_plate": {
      "complete": true,
      "is_advancement": false,
      "criteria": {},
      "igt": 43447,
      "rta": 53808
    },
    "minecraft:recipes/building_blocks/crimson_stairs": {
      "complete": true,
      "is_advancement": false,
      "criteria": {},
      "igt": 43447,
      "rta": 53808
    },
    "minecraft:recipes/building_blocks/chiseled_nether_bricks": {
      "complete": true,
      "is_advancement": false,
      "criteria": {},
      "igt": 43447,
      "rta": 53808
    },
    "minecraft:recipes/misc/iron_ingot_from_nuggets": {
      "complete": true,
      "is_advancement": false,
      "criteria": {},
      "igt": 43447,
      "rta": 53808
    },
    "minecraft:recipes/building_blocks/crimson_slab": {
      "complete": true,
      "is_advancement": false,
      "criteria": {},
      "igt": 43447,
      "rta": 53808
    },
    "minecraft:recipes/building_blocks/polished_blackstone_slab_from_blackstone_stonecutting": {
      "complete": true,
      "is_advancement": false,
      "criteria": {},
      "igt": 43447,
      "rta": 53808
    },
    "minecraft:recipes/building_blocks/green_wool": {
      "complete": true,
      "is_advancement": false,
      "criteria": {},
      "igt": 43447,
      "rta": 53808
    },
    "minecraft:recipes/building_blocks/blackstone_stairs_from_blackstone_stonecutting": {
      "complete": true,
      "is_advancement": false,
      "criteria": {},
      "igt": 43447,
      "rta": 53808
    },
    "minecraft:recipes/misc/conduit": {
      "complete": true,
      "is_advancement": false,
      "criteria": {},
      "igt": 43447,
      "rta": 53808
    },
    "minecraft:recipes/tools/stone_shovel": {
      "complete": true,
      "is_advancement": false,
      "criteria": {},
      "igt": 43447,
      "rta": 53808
    },
    "minecraft:recipes/building_blocks/yellow_wool": {
      "complete": true,
      "is_advancement": false,
      "criteria": {},
      "igt": 43447,
      "rta": 53808
    },
    "minecraft:recipes/decorations/light_blue_bed_from_white_bed": {
      "complete": true,
      "is_advancement": false,
      "criteria": {},
      "igt": 43447,
      "rta": 53808
    },
    "minecraft:recipes/building_blocks/acacia_planks": {
      "complete": true,
      "is_advancement": false,
      "criteria": {},
      "igt": 43447,
      "rta": 53808
    },
    "minecraft:recipes/decorations/oak_sign": {
      "complete": true,
      "is_advancement": false,
      "criteria": {},
      "igt": 43447,
      "rta": 53808
    },
    "minecraft:end/root": {
      "complete": true,
      "is_advancement": true,
      "criteria": {},
      "igt": 43447,
      "rta": 53808
    },
    "minecraft:recipes/misc/gold_nugget_from_blasting": {
      "complete": true,
      "is_advancement": false,
      "criteria": {},
      "igt": 43447,
      "rta": 53808
    },
    "minecraft:recipes/building_blocks/granite_slab_from_granite_stonecutting": {
      "complete": true,
      "is_advancement": false,
      "criteria": {},
      "igt": 43447,
      "rta": 53808
    },
    "minecraft:recipes/combat/arrow": {
      "complete": true,
      "is_advancement": false,
      "criteria": {},
      "igt": 43447,
      "rta": 53808
    },
    "minecraft:recipes/building_blocks/diorite_stairs": {
      "complete": true,
      "is_advancement": false,
      "criteria": {},
      "igt": 43447,
      "rta": 53808
    },
    "minecraft:recipes/building_blocks/coal_block": {
      "complete": true,
      "is_advancement": false,
      "criteria": {},
      "igt": 43447,
      "rta": 53808
    },
    "minecraft:recipes/redstone/iron_door": {
      "complete": true,
      "is_advancement": false,
      "criteria": {},
      "igt": 43447,
      "rta": 53808
    },
    "minecraft:recipes/decorations/polished_blackstone_wall_from_blackstone_stonecutting": {
      "complete": true,
      "is_advancement": false,
      "criteria": {},
      "igt": 43447,
      "rta": 53808
    },
    "minecraft:recipes/redstone/daylight_detector": {
      "complete": true,
      "is_advancement": false,
      "criteria": {},
      "igt": 43447,
      "rta": 53808
    },
    "minecraft:recipes/building_blocks/jungle_stairs": {
      "complete": true,
      "is_advancement": false,
      "criteria": {},
      "igt": 43447,
      "rta": 53808
    },
    "minecraft:recipes/building_blocks/glowstone": {
      "complete": true,
      "is_advancement": false,
      "criteria": {},
      "igt": 43447,
      "rta": 53808
    },
    "minecraft:recipes/decorations/warped_sign": {
      "complete": true,
      "is_advancement": false,
      "criteria": {},
      "igt": 43447,
      "rta": 53808
    },
    "minecraft:recipes/combat/crossbow": {
      "complete": true,
      "is_advancement": false,
      "criteria": {},
      "igt": 43447,
      "rta": 53808
    },
    "minecraft:recipes/decorations/blue_bed_from_white_bed": {
      "complete": true,
      "is_advancement": false,
      "criteria": {},
      "igt": 43447,
      "rta": 53808
    },
    "minecraft:recipes/decorations/birch_fence": {
      "complete": true,
      "is_advancement": false,
      "criteria": {},
      "igt": 43447,
      "rta": 53808
    },
    "minecraft:recipes/combat/leather_boots": {
      "complete": true,
      "is_advancement": false,
      "criteria": {},
      "igt": 43447,
      "rta": 53808
    },
    "minecraft:recipes/building_blocks/warped_stairs": {
      "complete": true,
      "is_advancement": false,
      "criteria": {},
      "igt": 43447,
      "rta": 53808
    },
    "minecraft:recipes/misc/yellow_dye_from_dandelion": {
      "complete": true,
      "is_advancement": false,
      "criteria": {},
      "igt": 43447,
      "rta": 53808
    },
    "minecraft:recipes/tools/golden_pickaxe": {
      "complete": true,
      "is_advancement": false,
      "criteria": {},
      "igt": 43447,
      "rta": 53808
    },
    "minecraft:recipes/transportation/jungle_boat": {
      "complete": true,
      "is_advancement": false,
      "criteria": {},
      "igt": 43447,
      "rta": 53808
    },
    "minecraft:recipes/combat/iron_boots": {
      "complete": true,
      "is_advancement": false,
      "criteria": {},
      "igt": 43447,
      "rta": 53808
    },
    "minecraft:recipes/tools/iron_axe": {
      "complete": true,
      "is_advancement": false,
      "criteria": {},
      "igt": 43447,
      "rta": 53808
    },
    "minecraft:recipes/building_blocks/blackstone_slab_from_blackstone_stonecutting": {
      "complete": true,
      "is_advancement": false,
      "criteria": {},
      "igt": 43447,
      "rta": 53808
    },
    "minecraft:recipes/building_blocks/stone": {
      "complete": true,
      "is_advancement": false,
      "criteria": {},
      "igt": 43447,
      "rta": 53808
    },
    "minecraft:recipes/building_blocks/polished_blackstone_bricks_from_blackstone_stonecutting": {
      "complete": true,
      "is_advancement": false,
      "criteria": {},
      "igt": 43447,
      "rta": 53808
    },
    "minecraft:recipes/building_blocks/oak_slab": {
      "complete": true,
      "is_advancement": false,
      "criteria": {},
      "igt": 43447,
      "rta": 53808
    },
    "minecraft:recipes/building_blocks/andesite": {
      "complete": true,
      "is_advancement": false,
      "criteria": {},
      "igt": 43447,
      "rta": 53808
    },
    "minecraft:recipes/building_blocks/polished_blackstone_brick_stairs_from_polished_blackstone_bricks_stonecutting": {
      "complete": true,
      "is_advancement": false,
      "criteria": {},
      "igt": 43447,
      "rta": 53808
    },
    "minecraft:recipes/combat/iron_chestplate": {
      "complete": true,
      "is_advancement": false,
      "criteria": {},
      "igt": 43447,
      "rta": 53808
    },
    "minecraft:recipes/decorations/polished_blackstone_brick_wall": {
      "complete": true,
      "is_advancement": false,
      "criteria": {},
      "igt": 43447,
      "rta": 53808
    },
    "minecraft:recipes/tools/stone_pickaxe": {
      "complete": true,
      "is_advancement": false,
      "criteria": {},
      "igt": 43447,
      "rta": 53808
    },
    "minecraft:recipes/redstone/oak_pressure_plate": {
      "complete": true,
      "is_advancement": false,
      "criteria": {},
      "igt": 43447,
      "rta": 53808
    },
    "minecraft:story/root": {
      "complete": true,
      "is_advancement": true,
      "criteria": {},
      "igt": 43447,
      "rta": 53808
    },
    "minecraft:recipes/decorations/blackstone_wall": {
      "complete": true,
      "is_advancement": false,
      "criteria": {},
      "igt": 43447,
      "rta": 53808
    },
    "minecraft:recipes/building_blocks/polished_diorite_from_diorite_stonecutting": {
      "complete": true,
      "is_advancement": false,
      "criteria": {},
      "igt": 43447,
      "rta": 53808
    },
    "minecraft:recipes/combat/wooden_sword": {
      "complete": true,
      "is_advancement": false,
      "criteria": {},
      "igt": 43447,
      "rta": 53808
    },
    "minecraft:story/iron_tools": {
      "complete": true,
      "is_advancement": true,
      "criteria": {},
      "igt": 43447,
      "rta": 53808
    },
    "minecraft:recipes/building_blocks/diorite_stairs_from_diorite_stonecutting": {
      "complete": true,
      "is_advancement": false,
      "criteria": {},
      "igt": 43447,
      "rta": 53808
    },
    "minecraft:recipes/redstone/crimson_fence_gate": {
      "complete": true,
      "is_advancement": false,
      "criteria": {},
      "igt": 43447,
      "rta": 53808
    },
    "minecraft:recipes/building_blocks/gray_concrete_powder": {
      "complete": true,
      "is_advancement": false,
      "criteria": {},
      "igt": 43447,
      "rta": 53808
    },
    "minecraft:recipes/decorations/jungle_sign": {
      "complete": true,
      "is_advancement": false,
      "criteria": {},
      "igt": 43447,
      "rta": 53808
    },
    "minecraft:recipes/tools/golden_axe": {
      "complete": true,
      "is_advancement": false,
      "criteria": {},
      "igt": 43447,
      "rta": 53808
    },
    "minecraft:recipes/tools/diamond_axe": {
      "complete": true,
      "is_advancement": false,
      "criteria": {},
      "igt": 43447,
      "rta": 53808
    },
    "minecraft:recipes/building_blocks/jungle_wood": {
      "complete": true,
      "is_advancement": false,
      "criteria": {},
      "igt": 43447,
      "rta": 53808
    },
    "minecraft:recipes/combat/stone_sword": {
      "complete": true,
      "is_advancement": false,
      "criteria": {},
      "igt": 43447,
      "rta": 53808
    },
    "minecraft:recipes/misc/iron_nugget_from_blasting": {
      "complete": true,
      "is_advancement": false,
      "criteria": {},
      "igt": 43447,
      "rta": 53808
    },
    "minecraft:recipes/decorations/blackstone_wall_from_blackstone_stonecutting": {
      "complete": true,
      "is_advancement": false,
      "criteria": {},
      "igt": 43447,
      "rta": 53808
    },
    "minecraft:recipes/redstone/oak_trapdoor": {
      "complete": true,
      "is_advancement": false,
      "criteria": {},
      "igt": 43447,
      "rta": 53808
    },
    "minecraft:recipes/decorations/spruce_sign": {
      "complete": true,
      "is_advancement": false,
      "criteria": {},
      "igt": 43447,
      "rta": 53808
    },
    "minecraft:recipes/building_blocks/oak_planks": {
      "complete": true,
      "is_advancement": false,
      "criteria": {},
      "igt": 43447,
      "rta": 53808
    },
    "minecraft:recipes/redstone/spruce_pressure_plate": {
      "complete": true,
      "is_advancement": false,
      "criteria": {},
      "igt": 43447,
      "rta": 53808
    },
    "minecraft:recipes/building_blocks/blackstone_slab": {
      "complete": true,
      "is_advancement": false,
      "criteria": {},
      "igt": 43447,
      "rta": 53808
    },
    "minecraft:recipes/redstone/tripwire_hook": {
      "complete": true,
      "is_advancement": false,
      "criteria": {},
      "igt": 43447,
      "rta": 53808
    },
    "minecraft:recipes/building_blocks/quartz_slab_from_stonecutting": {
      "complete": true,
      "is_advancement": false,
      "criteria": {},
      "igt": 43447,
      "rta": 53808
    },
    "minecraft:recipes/building_blocks/nether_brick_slab_from_nether_bricks_stonecutting": {
      "complete": true,
      "is_advancement": false,
      "criteria": {},
      "igt": 43447,
      "rta": 53808
    },
    "minecraft:recipes/combat/golden_chestplate": {
      "complete": true,
      "is_advancement": false,
      "criteria": {},
      "igt": 43447,
      "rta": 53808
    },
    "minecraft:recipes/redstone/birch_fence_gate": {
      "complete": true,
      "is_advancement": false,
      "criteria": {},
      "igt": 43447,
      "rta": 53808
    },
    "minecraft:recipes/decorations/purple_bed_from_white_bed": {
      "complete": true,
      "is_advancement": false,
      "criteria": {},
      "igt": 43447,
      "rta": 53808
    },
    "minecraft:recipes/building_blocks/blackstone_stairs": {
      "complete": true,
      "is_advancement": false,
      "criteria": {},
      "igt": 43447,
      "rta": 53808
    },
    "minecraft:recipes/building_blocks/iron_block": {
      "complete": true,
      "is_advancement": false,
      "criteria": {},
      "igt": 43447,
      "rta": 53808
    },
    "minecraft:recipes/redstone/acacia_pressure_plate": {
      "complete": true,
      "is_advancement": false,
      "criteria": {},
      "igt": 43447,
      "rta": 53808
    },
    "minecraft:recipes/redstone/oak_button": {
      "complete": true,
      "is_advancement": false,
      "criteria": {},
      "igt": 43447,
      "rta": 53808
    },
    "minecraft:recipes/redstone/jungle_pressure_plate": {
      "complete": true,
      "is_advancement": false,
      "criteria": {},
      "igt": 43447,
      "rta": 53808
    },
    "minecraft:recipes/brewing/magma_cream": {
      "complete": true,
      "is_advancement": false,
      "criteria": {},
      "igt": 43447,
      "rta": 53808
    },
    "minecraft:recipes/building_blocks/granite_stairs": {
      "complete": true,
      "is_advancement": false,
      "criteria": {},
      "igt": 43447,
      "rta": 53808
    },
    "minecraft:recipes/combat/leather_chestplate": {
      "complete": true,
      "is_advancement": false,
      "criteria": {},
      "igt": 43447,
      "rta": 53808
    },
    "minecraft:recipes/building_blocks/jungle_planks": {
      "complete": true,
      "is_advancement": false,
      "criteria": {},
      "igt": 43447,
      "rta": 53808
    },
    "minecraft:recipes/transportation/dark_oak_boat": {
      "complete": true,
      "is_advancement": false,
      "criteria": {},
      "igt": 43447,
      "rta": 53808
    },
    "minecraft:recipes/building_blocks/black_wool": {
      "complete": true,
      "is_advancement": false,
      "criteria": {},
      "igt": 43447,
      "rta": 53808
    },
    "minecraft:recipes/building_blocks/chiseled_nether_bricks_from_nether_bricks_stonecutting": {
      "complete": true,
      "is_advancement": false,
      "criteria": {},
      "igt": 43447,
      "rta": 53808
    },
    "minecraft:nether/loot_bastion": {
      "complete": true,
      "is_advancement": true,
      "criteria": {},
      "igt": 43447,
      "rta": 53808
    },
    "minecraft:recipes/redstone/oak_door": {
      "complete": true,
      "is_advancement": false,
      "criteria": {},
      "igt": 43447,
      "rta": 53808
    },
    "minecraft:recipes/building_blocks/pink_wool": {
      "complete": true,
      "is_advancement": false,
      "criteria": {},
      "igt": 43447,
      "rta": 53808
    },
    "minecraft:recipes/transportation/carrot_on_a_stick": {
      "complete": true,
      "is_advancement": false,
      "criteria": {},
      "igt": 43447,
      "rta": 53808
    },
    "minecraft:recipes/building_blocks/nether_brick_stairs_from_nether_bricks_stonecutting": {
      "complete": true,
      "is_advancement": false,
      "criteria": {},
      "igt": 43447,
      "rta": 53808
    },
    "minecraft:recipes/building_blocks/birch_stairs": {
      "complete": true,
      "is_advancement": false,
      "criteria": {},
      "igt": 43447,
      "rta": 53808
    },
    "minecraft:recipes/decorations/cobblestone_wall_from_cobblestone_stonecutting": {
      "complete": true,
      "is_advancement": false,
      "criteria": {},
      "igt": 43447,
      "rta": 53808
    },
    "minecraft:recipes/decorations/oak_fence": {
      "complete": true,
      "is_advancement": false,
      "criteria": {},
      "igt": 43447,
      "rta": 53808
    },
    "minecraft:recipes/redstone/dark_oak_trapdoor": {
      "complete": true,
      "is_advancement": false,
      "criteria": {},
      "igt": 43447,
      "rta": 53808
    },
    "minecraft:recipes/redstone/birch_button": {
      "complete": true,
      "is_advancement": false,
      "criteria": {},
      "igt": 43447,
      "rta": 53808
    },
    "minecraft:recipes/building_blocks/diamond_block": {
      "complete": true,
      "is_advancement": false,
      "criteria": {},
      "igt": 43447,
      "rta": 53808
    },
    "minecraft:recipes/building_blocks/light_blue_wool": {
      "complete": true,
      "is_advancement": false,
      "criteria": {},
      "igt": 43447,
      "rta": 53808
    },
    "minecraft:recipes/building_blocks/cyan_concrete_powder": {
      "complete": true,
      "is_advancement": false,
      "criteria": {},
      "igt": 43447,
      "rta": 53808
    },
    "minecraft:recipes/redstone/dark_oak_pressure_plate": {
      "complete": true,
      "is_advancement": false,
      "criteria": {},
      "igt": 43447,
      "rta": 53808
    },
    "minecraft:recipes/building_blocks/quartz_block": {
      "complete": true,
      "is_advancement": false,
      "criteria": {},
      "igt": 43447,
      "rta": 53808
    },
    "minecraft:recipes/decorations/barrel": {
      "complete": true,
      "is_advancement": false,
      "criteria": {},
      "igt": 43447,
      "rta": 53808
    },
    "minecraft:recipes/misc/nether_brick": {
      "complete": true,
      "is_advancement": false,
      "criteria": {},
      "igt": 43447,
      "rta": 53808
    },
    "minecraft:recipes/building_blocks/acacia_wood": {
      "complete": true,
      "is_advancement": false,
      "criteria": {},
      "igt": 43447,
      "rta": 53808
    },
    "minecraft:recipes/building_blocks/lime_wool": {
      "complete": true,
      "is_advancement": false,
      "criteria": {},
      "igt": 43447,
      "rta": 53808
    },
    "minecraft:recipes/redstone/acacia_trapdoor": {
      "complete": true,
      "is_advancement": false,
      "criteria": {},
      "igt": 43447,
      "rta": 53808
    },
    "minecraft:recipes/redstone/warped_button": {
      "complete": true,
      "is_advancement": false,
      "criteria": {},
      "igt": 43447,
      "rta": 53808
    },
    "minecraft:recipes/decorations/painting": {
      "complete": true,
      "is_advancement": false,
      "criteria": {},
      "igt": 43447,
      "rta": 53808
    },
    "minecraft:recipes/redstone/light_weighted_pressure_plate": {
      "complete": true,
      "is_advancement": false,
      "criteria": {},
      "igt": 43447,
      "rta": 53808
    },
    "minecraft:recipes/tools/wooden_axe": {
      "complete": true,
      "is_advancement": false,
      "criteria": {},
      "igt": 43447,
      "rta": 53808
    },
    "minecraft:recipes/misc/blue_dye_from_cornflower": {
      "complete": true,
      "is_advancement": false,
      "criteria": {},
      "igt": 43447,
      "rta": 53808
    },
    "minecraft:recipes/combat/golden_boots": {
      "complete": true,
      "is_advancement": false,
      "criteria": {},
      "igt": 43447,
      "rta": 53808
    },
    "minecraft:recipes/redstone/warped_trapdoor": {
      "complete": true,
      "is_advancement": false,
      "criteria": {},
      "igt": 43447,
      "rta": 53808
    },
    "minecraft:recipes/redstone/jungle_door": {
      "complete": true,
      "is_advancement": false,
      "criteria": {},
      "igt": 43447,
      "rta": 53808
    },
    "minecraft:recipes/decorations/smithing_table": {
      "complete": true,
      "is_advancement": false,
      "criteria": {},
      "igt": 43447,
      "rta": 53808
    },
    "minecraft:recipes/combat/golden_leggings": {
      "complete": true,
      "is_advancement": false,
      "criteria": {},
      "igt": 43447,
      "rta": 53809
    },
    "minecraft:recipes/misc/gold_nugget_from_smelting": {
      "complete": true,
      "is_advancement": false,
      "criteria": {},
      "igt": 43447,
      "rta": 53809
    },
    "minecraft:recipes/building_blocks/polished_blackstone_brick_slab_from_blackstone_stonecutting": {
      "complete": true,
      "is_advancement": false,
      "criteria": {},
      "igt": 43447,
      "rta": 53809
    },
    "minecraft:recipes/decorations/soul_torch": {
      "complete": true,
      "is_advancement": false,
      "criteria": {},
      "igt": 43447,
      "rta": 53809
    },
    "minecraft:recipes/building_blocks/nether_brick_stairs": {
      "complete": true,
      "is_advancement": false,
      "criteria": {},
      "igt": 43447,
      "rta": 53809
    },
    "minecraft:recipes/building_blocks/red_wool": {
      "complete": true,
      "is_advancement": false,
      "criteria": {},
      "igt": 43447,
      "rta": 53809
    },
    "minecraft:recipes/tools/stone_axe": {
      "complete": true,
      "is_advancement": false,
      "criteria": {},
      "igt": 43447,
      "rta": 53809
    },
    "minecraft:recipes/misc/fire_charge": {
      "complete": true,
      "is_advancement": false,
      "criteria": {},
      "igt": 43447,
      "rta": 53809
    },
    "minecraft:recipes/decorations/lantern": {
      "complete": true,
      "is_advancement": false,
      "criteria": {},
      "igt": 43447,
      "rta": 53809
    },
    "minecraft:recipes/decorations/acacia_sign": {
      "complete": true,
      "is_advancement": false,
      "criteria": {},
      "igt": 43447,
      "rta": 53809
    },
    "minecraft:recipes/decorations/polished_blackstone_brick_wall_from_polished_blackstone_bricks_stonecutting": {
      "complete": true,
      "is_advancement": false,
      "criteria": {},
      "igt": 43447,
      "rta": 53809
    },
    "minecraft:recipes/building_blocks/warped_slab": {
      "complete": true,
      "is_advancement": false,
      "criteria": {},
      "igt": 43447,
      "rta": 53809
    },
    "minecraft:recipes/building_blocks/polished_diorite": {
      "complete": true,
      "is_advancement": false,
      "criteria": {},
      "igt": 43447,
      "rta": 53809
    },
    "minecraft:recipes/redstone/jungle_fence_gate": {
      "complete": true,
      "is_advancement": false,
      "criteria": {},
      "igt": 43447,
      "rta": 53809
    },
    "minecraft:recipes/decorations/dark_oak_fence": {
      "complete": true,
      "is_advancement": false,
      "criteria": {},
      "igt": 43447,
      "rta": 53809
    },
    "minecraft:story/smelt_iron": {
      "complete": true,
      "is_advancement": true,
      "criteria": {},
      "igt": 43447,
      "rta": 53809
    },
    "minecraft:recipes/redstone/spruce_trapdoor": {
      "complete": true,
      "is_advancement": false,
      "criteria": {},
      "igt": 43447,
      "rta": 53809
    },
    "minecraft:recipes/decorations/brown_bed_from_white_bed": {
      "complete": true,
      "is_advancement": false,
      "criteria": {},
      "igt": 43447,
      "rta": 53809
    },
    "minecraft:recipes/decorations/light_gray_bed_from_white_bed": {
      "complete": true,
      "is_advancement": false,
      "criteria": {},
      "igt": 43447,
      "rta": 53809
    },
    "minecraft:recipes/redstone/birch_trapdoor": {
      "complete": true,
      "is_advancement": false,
      "criteria": {},
      "igt": 43447,
      "rta": 53809
    },
    "minecraft:recipes/decorations/red_bed_from_white_bed": {
      "complete": true,
      "is_advancement": false,
      "criteria": {},
      "igt": 43447,
      "rta": 53809
    },
    "minecraft:story/enter_the_end": {
      "complete": true,
      "is_advancement": true,
      "criteria": {},
      "igt": 43447,
      "rta": 53809
    },
    "minecraft:recipes/building_blocks/polished_granite": {
      "complete": true,
      "is_advancement": false,
      "criteria": {},
      "igt": 43447,
      "rta": 53809
    },
    "minecraft:recipes/decorations/soul_campfire": {
      "complete": true,
      "is_advancement": false,
      "criteria": {},
      "igt": 43447,
      "rta": 53809
    },
    "minecraft:recipes/building_blocks/light_gray_wool": {
      "complete": true,
      "is_advancement": false,
      "criteria": {},
      "igt": 43447,
      "rta": 53809
    },
    "minecraft:recipes/redstone/warped_door": {
      "complete": true,
      "is_advancement": false,
      "criteria": {},
      "igt": 43447,
      "rta": 53809
    },
    "minecraft:recipes/building_blocks/acacia_stairs": {
      "complete": true,
      "is_advancement": false,
      "criteria": {},
      "igt": 43447,
      "rta": 53809
    },
    "minecraft:recipes/combat/diamond_boots": {
      "complete": true,
      "is_advancement": false,
      "criteria": {},
      "igt": 43447,
      "rta": 53809
    },
    "minecraft:recipes/redstone/redstone": {
      "complete": true,
      "is_advancement": false,
      "criteria": {
        "has_the_recipe": {
          "igt": 171237,
          "rta": 288034
        },
        "has_redstone_block": {
          "igt": 171237,
          "rta": 288034
        }
      },
      "igt": 171287,
      "rta": 288064
    },
    "minecraft:recipes/decorations/stone_brick_walls_from_stone_stonecutting": {
      "complete": true,
      "is_advancement": false,
      "criteria": {
        "has_stone": {
          "igt": 412622,
          "rta": 736547
        },
        "has_the_recipe": {
          "igt": 412622,
          "rta": 736547
        }
      },
      "igt": 412622,
      "rta": 736561
    },
    "minecraft:recipes/building_blocks/stone_brick_stairs_from_stone_stonecutting": {
      "complete": true,
      "is_advancement": false,
      "criteria": {
        "has_stone": {
          "igt": 412572,
          "rta": 736544
        },
        "has_the_recipe": {
          "igt": 412572,
          "rta": 736544
        }
      },
      "igt": 412622,
      "rta": 736562
    },
    "minecraft:recipes/building_blocks/chiseled_stone_bricks_stone_from_stonecutting": {
      "complete": true,
      "is_advancement": false,
      "criteria": {
        "has_stone": {
          "igt": 412622,
          "rta": 736549
        },
        "has_the_recipe": {
          "igt": 412622,
          "rta": 736549
        }
      },
      "igt": 412622,
      "rta": 736562
    },
    "minecraft:recipes/building_blocks/stone_slab_from_stone_stonecutting": {
      "complete": true,
      "is_advancement": false,
      "criteria": {
        "has_stone": {
          "igt": 412622,
          "rta": 736545
        },
        "has_the_recipe": {
          "igt": 412622,
          "rta": 736546
        }
      },
      "igt": 412622,
      "rta": 736562
    },
    "minecraft:recipes/building_blocks/stone_slab": {
      "complete": true,
      "is_advancement": false,
      "criteria": {
        "has_stone": {
          "igt": 412622,
          "rta": 736547
        },
        "has_the_recipe": {
          "igt": 412622,
          "rta": 736547
        }
      },
      "igt": 412622,
      "rta": 736562
    },
    "minecraft:recipes/building_blocks/stone_stairs_from_stone_stonecutting": {
      "complete": true,
      "is_advancement": false,
      "criteria": {
        "has_stone": {
          "igt": 412622,
          "rta": 736548
        },
        "has_the_recipe": {
          "igt": 412622,
          "rta": 736548
        }
      },
      "igt": 412622,
      "rta": 736562
    },
    "minecraft:recipes/building_blocks/smooth_stone": {
      "complete": true,
      "is_advancement": false,
      "criteria": {
        "has_stone": {
          "igt": 412622,
          "rta": 736555
        },
        "has_the_recipe": {
          "igt": 412622,
          "rta": 736555
        }
      },
      "igt": 412622,
      "rta": 736562
    },
    "minecraft:recipes/building_blocks/stone_brick_slab_from_stone_stonecutting": {
      "complete": true,
      "is_advancement": false,
      "criteria": {
        "has_stone": {
          "igt": 412622,
          "rta": 736551
        },
        "has_the_recipe": {
          "igt": 412622,
          "rta": 736551
        }
      },
      "igt": 412622,
      "rta": 736562
    },
    "minecraft:recipes/decorations/stonecutter": {
      "complete": true,
      "is_advancement": false,
      "criteria": {
        "has_stone": {
          "igt": 412622,
          "rta": 736554
        },
        "has_the_recipe": {
          "igt": 412622,
          "rta": 736554
        }
      },
      "igt": 412622,
      "rta": 736562
    },
    "minecraft:recipes/building_blocks/stone_stairs": {
      "complete": true,
      "is_advancement": false,
      "criteria": {
        "has_stone": {
          "igt": 412622,
          "rta": 736550
        },
        "has_the_recipe": {
          "igt": 412622,
          "rta": 736550
        }
      },
      "igt": 412622,
      "rta": 736562
    },
    "minecraft:recipes/building_blocks/stone_bricks_from_stone_stonecutting": {
      "complete": true,
      "is_advancement": false,
      "criteria": {
        "has_stone": {
          "igt": 412622,
          "rta": 736554
        },
        "has_the_recipe": {
          "igt": 412622,
          "rta": 736554
        }
      },
      "igt": 412622,
      "rta": 736562
    },
    "minecraft:recipes/redstone/stone_pressure_plate": {
      "complete": true,
      "is_advancement": false,
      "criteria": {
        "has_stone": {
          "igt": 412622,
          "rta": 736546
        },
        "has_the_recipe": {
          "igt": 412622,
          "rta": 736546
        }
      },
      "igt": 412622,
      "rta": 736562
    },
    "minecraft:recipes/building_blocks/stone_bricks": {
      "complete": true,
      "is_advancement": false,
      "criteria": {
        "has_stone": {
          "igt": 412622,
          "rta": 736550
        },
        "has_the_recipe": {
          "igt": 412622,
          "rta": 736550
        }
      },
      "igt": 412622,
      "rta": 736562
    },
    "minecraft:recipes/redstone/stone_button": {
      "complete": true,
      "is_advancement": false,
      "criteria": {
        "has_stone": {
          "igt": 412622,
          "rta": 736553
        },
        "has_the_recipe": {
          "igt": 412622,
          "rta": 736553
        }
      },
      "igt": 412622,
      "rta": 736562
    },
    "minecraft:recipes/redstone/redstone_torch": {
      "complete": true,
      "is_advancement": false,
      "criteria": {
        "has_redstone": {
          "igt": 604622,
          "rta": 934371
        },
        "has_the_recipe": {
          "igt": 604622,
          "rta": 934372
        }
      },
      "igt": 604672,
      "rta": 934412
    },
    "minecraft:recipes/redstone/target": {
      "complete": true,
      "is_advancement": false,
      "criteria": {
        "has_hay_block": {
          "igt": 604622,
          "rta": 934370
        },
        "has_redstone": {
          "igt": 604622,
          "rta": 934370
        },
        "has_the_recipe": {
          "igt": 604622,
          "rta": 934370
        }
      },
      "igt": 604672,
      "rta": 934412
    },
    "minecraft:recipes/tools/compass": {
      "complete": true,
      "is_advancement": false,
      "criteria": {
        "has_redstone": {
          "igt": 604622,
          "rta": 934369
        },
        "has_the_recipe": {
          "igt": 604622,
          "rta": 934369
        }
      },
      "igt": 604672,
      "rta": 934412
    },
    "minecraft:recipes/redstone/note_block": {
      "complete": true,
      "is_advancement": false,
      "criteria": {
        "has_redstone": {
          "igt": 604622,
          "rta": 934371
        },
        "has_the_recipe": {
          "igt": 604622,
          "rta": 934371
        }
      },
      "igt": 604672,
      "rta": 934412
    },
    "minecraft:recipes/redstone/piston": {
      "complete": true,
      "is_advancement": false,
      "criteria": {
        "has_redstone": {
          "igt": 604622,
          "rta": 934372
        },
        "has_the_recipe": {
          "igt": 604622,
          "rta": 934372
        }
      },
      "igt": 604672,
      "rta": 934412
    },
    "minecraft:recipes/redstone/dropper": {
      "complete": true,
      "is_advancement": false,
      "criteria": {
        "has_redstone": {
          "igt": 604622,
          "rta": 934372
        },
        "has_the_recipe": {
          "igt": 604622,
          "rta": 934372
        }
      },
      "igt": 604672,
      "rta": 934412
    },
    "minecraft:recipes/tools/clock": {
      "complete": true,
      "is_advancement": false,
      "criteria": {
        "has_redstone": {
          "igt": 604622,
          "rta": 934368
        },
        "has_the_recipe": {
          "igt": 604622,
          "rta": 934368
        }
      },
      "igt": 604672,
      "rta": 934412
    },
    "minecraft:recipes/redstone/redstone_block": {
      "complete": true,
      "is_advancement": false,
      "criteria": {
        "has_redstone": {
          "igt": 604622,
          "rta": 934373
        },
        "has_the_recipe": {
          "igt": 604622,
          "rta": 934373
        }
      },
      "igt": 604672,
      "rta": 934412
    },
    "minecraft:story/shiny_gear": {
      "complete": true,
      "is_advancement": true,
      "criteria": {
        "diamond_leggings": {
          "igt": 1499131,
          "rta": 1984420
        },
        "diamond_helmet": {
          "igt": 1499131,
          "rta": 1984420
        },
        "diamond_chestplate": {
          "igt": 1499131,
          "rta": 1984420
        },
        "diamond_boots": {
          "igt": 1499131,
          "rta": 1984420
        }
      },
      "igt": 1499181,
      "rta": 1984460
    },
    "minecraft:recipes/decorations/purple_stained_glass_pane_from_glass_pane": {
      "complete": true,
      "is_advancement": false,
      "criteria": {
        "has_glass_pane": {
          "igt": 1541931,
          "rta": 2039721
        },
        "has_purple_dye": {
          "igt": 1541931,
          "rta": 2039721
        },
        "has_the_recipe": {
          "igt": 1541931,
          "rta": 2039721
        }
      },
      "igt": 1541931,
      "rta": 2039755
    },
    "minecraft:recipes/misc/magenta_dye_from_purple_and_pink": {
      "complete": true,
      "is_advancement": false,
      "criteria": {
        "has_pink_dye": {
          "igt": 1541931,
          "rta": 2039720
        },
        "has_purple_dye": {
          "igt": 1541931,
          "rta": 2039720
        },
        "has_the_recipe": {
          "igt": 1541931,
          "rta": 2039720
        }
      },
      "igt": 1541931,
      "rta": 2039755
    },
    "minecraft:recipes/decorations/purple_carpet_from_white_carpet": {
      "complete": true,
      "is_advancement": false,
      "criteria": {
        "has_white_carpet": {
          "igt": 1541931,
          "rta": 2039722
        },
        "has_purple_dye": {
          "igt": 1541931,
          "rta": 2039722
        },
        "has_the_recipe": {
          "igt": 1541931,
          "rta": 2039722
        }
      },
      "igt": 1541931,
      "rta": 2039755
    },
    "minecraft:recipes/misc/light_gray_dye_from_black_white_dye": {
      "complete": true,
      "is_advancement": false,
      "criteria": {
        "has_white_dye": {
          "igt": 1546881,
          "rta": 2044660
        },
        "has_the_recipe": {
          "igt": 1546881,
          "rta": 2044660
        },
        "has_black_dye": {
          "igt": 1546881,
          "rta": 2044660
        }
      },
      "igt": 1546931,
      "rta": 2044710
    },
    "minecraft:recipes/misc/magenta_dye_from_blue_red_white_dye": {
      "complete": true,
      "is_advancement": false,
      "criteria": {
        "has_white_dye": {
          "igt": 1546881,
          "rta": 2044656
        },
        "has_blue_dye": {
          "igt": 1546881,
          "rta": 2044656
        },
        "has_the_recipe": {
          "igt": 1546881,
          "rta": 2044656
        },
        "has_rose_red": {
          "igt": 1546881,
          "rta": 2044656
        }
      },
      "igt": 1546931,
      "rta": 2044710
    },
    "minecraft:recipes/decorations/white_stained_glass_pane_from_glass_pane": {
      "complete": true,
      "is_advancement": false,
      "criteria": {
        "has_glass_pane": {
          "igt": 1546881,
          "rta": 2044657
        },
        "has_white_dye": {
          "igt": 1546881,
          "rta": 2044657
        },
        "has_the_recipe": {
          "igt": 1546881,
          "rta": 2044657
        }
      },
      "igt": 1546931,
      "rta": 2044710
    },
    "minecraft:recipes/misc/light_blue_dye_from_blue_white_dye": {
      "complete": true,
      "is_advancement": false,
      "criteria": {
        "has_white_dye": {
          "igt": 1546881,
          "rta": 2044660
        },
        "has_blue_dye": {
          "igt": 1546881,
          "rta": 2044660
        },
        "has_the_recipe": {
          "igt": 1546881,
          "rta": 2044660
        }
      },
      "igt": 1546931,
      "rta": 2044710
    },
    "minecraft:recipes/misc/gray_dye": {
      "complete": true,
      "is_advancement": false,
      "criteria": {
        "has_white_dye": {
          "igt": 1546881,
          "rta": 2044657
        },
        "has_the_recipe": {
          "igt": 1546881,
          "rta": 2044657
        },
        "has_black_dye": {
          "igt": 1546881,
          "rta": 2044657
        }
      },
      "igt": 1546931,
      "rta": 2044710
    },
    "minecraft:recipes/misc/pink_dye_from_red_white_dye": {
      "complete": true,
      "is_advancement": false,
      "criteria": {
        "has_white_dye": {
          "igt": 1546881,
          "rta": 2044661
        },
        "has_red_dye": {
          "igt": 1546881,
          "rta": 2044661
        },
        "has_the_recipe": {
          "igt": 1546881,
          "rta": 2044661
        }
      },
      "igt": 1546931,
      "rta": 2044710
    },
    "minecraft:recipes/misc/lime_dye": {
      "complete": true,
      "is_advancement": false,
      "criteria": {
        "has_green_dye": {
          "igt": 1546881,
          "rta": 2044662
        },
        "has_white_dye": {
          "igt": 1546881,
          "rta": 2044662
        },
        "has_the_recipe": {
          "igt": 1546881,
          "rta": 2044662
        }
      },
      "igt": 1546931,
      "rta": 2044710
    },
    "minecraft:recipes/misc/light_gray_dye_from_gray_white_dye": {
      "complete": true,
      "is_advancement": false,
      "criteria": {
        "has_gray_dye": {
          "igt": 1546881,
          "rta": 2044659
        },
        "has_white_dye": {
          "igt": 1546881,
          "rta": 2044659
        },
        "has_the_recipe": {
          "igt": 1546881,
          "rta": 2044659
        }
      },
      "igt": 1546931,
      "rta": 2044710
    }
  },
  "stats": {
    "98318ed4-68c4-441f-bb0c-112a9b637b77": {
      "stats": {
        "minecraft:mined": {
          "minecraft:infested_stone_bricks": 4,
          "minecraft:infested_mossy_stone_bricks": 1
        },
        "minecraft:picked_up": {
          "minecraft:command_block": 2,
          "minecraft:nether_bricks": 1,
          "minecraft:iron_bars": 1,
          "minecraft:crimson_sign": 1
        },
        "minecraft:used": {
          "minecraft:oak_log": 52,
          "minecraft:mossy_stone_bricks": 38,
          "minecraft:ender_eye": 353,
          "minecraft:iron_bars": 7,
          "minecraft:lava_bucket": 22,
          "minecraft:command_block": 29,
          "minecraft:armor_stand": 1,
          "minecraft:redstone": 1,
          "minecraft:barrier": 6,
          "minecraft:stone_button": 2,
          "minecraft:oak_sign": 1,
          "minecraft:stone": 14,
          "minecraft:redstone_block": 1,
          "minecraft:stone_bricks": 67,
          "minecraft:oak_leaves": 23,
          "minecraft:cracked_stone_bricks": 13,
          "minecraft:crimson_sign": 1,
          "minecraft:repeater": 13,
          "minecraft:sand": 6,
          "minecraft:infested_cracked_stone_bricks": 1,
          "minecraft:nether_bricks": 26,
          "minecraft:end_portal_frame": 64,
          "minecraft:gold_block": 2,
          "minecraft:stone_pressure_plate": 1,
          "minecraft:gray_concrete": 39,
          "minecraft:warped_button": 1,
          "minecraft:infested_stone_bricks": 11
        },
        "minecraft:dropped": {
          "minecraft:stone": 1,
          "minecraft:player_head": 1,
          "minecraft:diamond_leggings": 1,
          "minecraft:netherite_chestplate": 1,
          "minecraft:netherite_boots": 1,
          "minecraft:crimson_sign": 1,
          "minecraft:stone_bricks": 5,
          "minecraft:iron_bars": 1,
          "minecraft:ender_eye": 12,
          "minecraft:cracked_stone_bricks": 1,
          "minecraft:command_block": 2,
          "minecraft:nether_bricks": 2,
          "minecraft:infested_cracked_stone_bricks": 1
        },
        "minecraft:custom": {
          "minecraft:time_since_rest": 768,
          "minecraft:walk_one_cm": 75056,
          "minecraft:sprint_one_cm": 51332,
          "minecraft:damage_taken": 60,
          "minecraft:drop": 19,
          "minecraft:damage_dealt": 20,
          "minecraft:fly_one_cm": 1044687,
          "minecraft:crouch_one_cm": 3963,
          "minecraft:play_one_minute": 35720,
          "minecraft:deaths": 1,
          "minecraft:sneak_time": 1892,
          "minecraft:walk_under_water_one_cm": 8971,
          "minecraft:jump": 326,
          "minecraft:leave_game": 2,
          "minecraft:walk_on_water_one_cm": 1122,
          "minecraft:time_since_death": 748,
          "minecraft:fall_one_cm": 2291
        }
      },
      "DataVersion": 2567
    }
  }
}