{"stats":{"minecraft:mined":{"minecraft:infested_stone_bricks":4,"minecraft:infested_mossy_stone_bricks":1},"minecraft:picked_up":{"minecraft:command_block":2,"minecraft:nether_bricks":1,"minecraft:iron_bars":1,"minecraft:crimson_sign":1},"minecraft:used":{"minecraft:oak_log":52,"minecraft:mossy_stone_bricks":38,"minecraft:ender_eye":353,"minecraft:iron_bars":7,"minecraft:lava_bucket":22,"minecraft:command_block":29,"minecraft:armor_stand":1,"minecraft:redstone":1,"minecraft:barrier":6,"minecraft:stone_button":2,"minecraft:oak_sign":1,"minecraft:stone":14,"minecraft:redstone_block":1,"minecraft:stone_bricks":67,"minecraft:oak_leaves":23,"minecraft:cracked_stone_bricks":13,"minecraft:crimson_sign":1,"minecraft:repeater":13,"minecraft:sand":6,"minecraft:infested_cracked_stone_bricks":1,"minecraft:nether_bricks":26,"minecraft:end_portal_frame":64,"minecraft:gold_block":2,"minecraft:stone_pressure_plate":1,"minecraft:gray_concrete":39,"minecraft:warped_button":1,"minecraft:infested_stone_bricks":11},"minecraft:dropped":{"minecraft:stone":1,"minecraft:player_head":1,"minecraft:diamond_leggings":1,"minecraft:netherite_chestplate":1,"minecraft:netherite_boots":1,"minecraft:crimson_sign":1,"minecraft:stone_bricks":5,"minecraft:iron_bars":1,"minecraft:ender_eye":12,"minecraft:cracked_stone_bricks":1,"minecraft:command_block":2,"minecraft:nether_bricks":2,"minecraft:infested_cracked_stone_bricks":1},"minecraft:custom":{"minecraft:time_since_rest":768,"minecraft:walk_one_cm":75056,"minecraft:sprint_one_cm":51332,"minecraft:damage_taken":60,"minecraft:drop":19,"minecraft:damage_dealt":20,"minecraft:fly_one_cm":1044687,"minecraft:crouch_one_cm":3963,"minecraft:play_one_minute":35720,"minecraft:deaths":1,"minecraft:sneak_time":1892,"minecraft:walk_under_water_one_cm":8971,"minecraft:jump":326,"minecraft:leave_game":3,"minecraft:walk_on_water_one_cm":1122,"minecraft:time_since_death":748,"minecraft:fall_one_cm":2291}},"DataVersion":2567}